study_id,source_lineage_id,treatment_id,particle_fraction,response_matrix,leaching_protocol,liquid_solid_ratio,supplemental_EC_source_locator,supplemental_EC_raw_sha256,data_source,condition_id,country,monthly_batch,treatment_or_arm,source_raw_rows,source_independence_unit,complete_EC_Cl_SO4_direction_panel,EC_direction,Cl_direction,SO4_direction,all_three_salts_lower,any_salt_lower,PTE_endpoint_directions,PTE_endpoints_with_direction,PTE_numeric_pairs,PTE_up_observed,EC_down_with_any_PTE_up,all_three_salts_down_with_any_PTE_up,interpretation_scope,common_PTE_panel,common_PTE_directions,common_PTE_up_endpoints,common_PTE_directionally_evaluable,common_PTE_panel_complete,EC_down_with_common_PTE_up,all_three_salts_down_with_common_PTE_up,EC_direction_evidence_type,EC_direction_source_locator
ABIS2021,ABIS2021-Plant-A,Plant-A-abrasion-120min,coarse MIBA after prior Fe/NFe recovery and 12-week storage,ash eluate; cumulative column release,DIN 19528 column leaching,cumulative 4 L/kg,"Table 3, Plant A, cumulative L/S=4 L/kg; abrasion 120 min",9FF65BB25A96CD81C939C45672991BB70EDB9E46EB263A2C6A8009E7CA8CACC9,v98_published_tables_plus_Abis_Table3_EC_v106,LEG-001,Germany,not_applicable_or_not_reported,dry abrasion 120 min,22,source_lineage; repeated subsamples/arms remain nested,True,lower,lower,lower,True,True,"{""Co"": ""higher"", ""Cr"": ""lower"", ""Cu"": ""lower"", ""Ni"": ""lower"", ""V"": ""lower"", ""Zn"": ""lower""}",6,6,True,True,True,"observed matched condition only; not prevalence, compliance, field risk, or EU-wide inference",Cr;Cu,"{""Cr"": ""lower"", ""Cu"": ""lower""}",,True,True,False,False,,
ABIS2021,ABIS2021-Plant-A,Plant-A-abrasion-60min,coarse MIBA after prior Fe/NFe recovery and 12-week storage,ash eluate; cumulative column release,DIN 19528 column leaching,cumulative 4 L/kg,"Table 3, Plant A, cumulative L/S=4 L/kg; abrasion 60 min",9FF65BB25A96CD81C939C45672991BB70EDB9E46EB263A2C6A8009E7CA8CACC9,v98_published_tables_plus_Abis_Table3_EC_v106,LEG-002,Germany,not_applicable_or_not_reported,dry abrasion 60 min,22,source_lineage; repeated subsamples/arms remain nested,True,lower,lower,lower,True,True,"{""Co"": ""higher"", ""Cr"": ""lower"", ""Cu"": ""lower"", ""Ni"": ""lower"", ""V"": ""lower"", ""Zn"": ""lower""}",6,6,True,True,True,"observed matched condition only; not prevalence, compliance, field risk, or EU-wide inference",Cr;Cu,"{""Cr"": ""lower"", ""Cu"": ""lower""}",,True,True,False,False,,
ABIS2021,ABIS2021-Plant-B,Plant-B-abrasion-120min,coarse MIBA after prior Fe/NFe recovery and 12-week storage,ash eluate; cumulative column release,DIN 19528 column leaching,cumulative 4 L/kg,"Table 3, Plant B, cumulative L/S=4 L/kg; abrasion 120 min",9FF65BB25A96CD81C939C45672991BB70EDB9E46EB263A2C6A8009E7CA8CACC9,v98_published_tables_plus_Abis_Table3_EC_v106,LEG-003,Sweden,not_applicable_or_not_reported,dry abrasion 120 min,22,source_lineage; repeated subsamples/arms remain nested,True,lower,lower,lower,True,True,"{""Co"": ""higher"", ""Cr"": ""lower"", ""Cu"": ""lower"", ""Ni"": ""higher"", ""V"": ""lower"", ""Zn"": ""lower""}",6,6,True,True,True,"observed matched condition only; not prevalence, compliance, field risk, or EU-wide inference",Cr;Cu,"{""Cr"": ""lower"", ""Cu"": ""lower""}",,True,True,False,False,,
ABIS2021,ABIS2021-Plant-B,Plant-B-abrasion-60min,coarse MIBA after prior Fe/NFe recovery and 12-week storage,ash eluate; cumulative column release,DIN 19528 column leaching,cumulative 4 L/kg,"Table 3, Plant B, cumulative L/S=4 L/kg; abrasion 60 min",9FF65BB25A96CD81C939C45672991BB70EDB9E46EB263A2C6A8009E7CA8CACC9,v98_published_tables_plus_Abis_Table3_EC_v106,LEG-004,Sweden,not_applicable_or_not_reported,dry abrasion 60 min,22,source_lineage; repeated subsamples/arms remain nested,True,lower,lower,lower,True,True,"{""Co"": ""higher"", ""Cr"": ""lower"", ""Cu"": ""lower"", ""Ni"": ""higher"", ""V"": ""lower"", ""Zn"": ""higher""}",6,6,True,True,True,"observed matched condition only; not prevalence, compliance, field risk, or EU-wide inference",Cr;Cu,"{""Cr"": ""lower"", ""Cu"": ""lower""}",,True,True,False,False,,
DESTEFANIS2020,DESTEFANIS2020-Turin-composite,coarse-240s,s ≥ 4.75 mm,ash eluate,"study-specific batch leaching; exact method preserved in article, not pooled",see article methods; table reports eluate concentration,,,v98_published_tables_plus_Abis_Table3_EC_v106,LEG-005,Italy,not_applicable_or_not_reported,steam wash 240 s,11,source_lineage; repeated subsamples/arms remain nested,True,lower,lower,lower,True,True,"{""Cd"": ""incomplete_or_censored"", ""Co"": ""incomplete_or_censored"", ""Cr"": ""lower"", ""Cu"": ""lower"", ""Ni"": ""lower"", ""Pb"": ""lower"", ""Zn"": ""lower""}",5,5,False,False,False,"observed matched condition only; not prevalence, compliance, field risk, or EU-wide inference",Cr;Cu,"{""Cr"": ""lower"", ""Cu"": ""lower""}",,True,True,False,False,explicit_text_direction_no_numeric_pair,"Destefanis et al. (2020), §3.1.1, statement on s ≥ 4.75 mm; Figure S2; paired treatment in Table 1: 240 s. No graph coordinates digitized."
DESTEFANIS2020,DESTEFANIS2020-Turin-composite,fine-600s,2 > s ≥ 1 mm,ash eluate,"study-specific batch leaching; exact method preserved in article, not pooled",see article methods; table reports eluate concentration,,,v98_published_tables_plus_Abis_Table3_EC_v106,LEG-006,Italy,not_applicable_or_not_reported,steam wash 600 s,11,source_lineage; repeated subsamples/arms remain nested,False,not_reported_or_incomplete,lower,lower,False,True,"{""Cd"": ""lower"", ""Co"": ""lower"", ""Cr"": ""lower"", ""Cu"": ""lower"", ""Ni"": ""lower"", ""Pb"": ""lower"", ""Zn"": ""lower""}",7,7,False,False,False,"observed matched condition only; not prevalence, compliance, field risk, or EU-wide inference",Cr;Cu,"{""Cr"": ""lower"", ""Cu"": ""lower""}",,True,True,False,False,,
DESTEFANIS2020,DESTEFANIS2020-Turin-composite,medium-600s,4.75 > s ≥ 2 mm,ash eluate,"study-specific batch leaching; exact method preserved in article, not pooled",see article methods; table reports eluate concentration,,,v98_published_tables_plus_Abis_Table3_EC_v106,LEG-007,Italy,not_applicable_or_not_reported,steam wash 600 s,11,source_lineage; repeated subsamples/arms remain nested,False,not_reported_or_incomplete,lower,lower,False,True,"{""Cd"": ""same_at_reported_precision"", ""Co"": ""lower"", ""Cr"": ""lower"", ""Cu"": ""lower"", ""Ni"": ""lower"", ""Pb"": ""same_at_reported_precision"", ""Zn"": ""lower""}",7,7,False,False,False,"observed matched condition only; not prevalence, compliance, field risk, or EU-wide inference",Cr;Cu,"{""Cr"": ""lower"", ""Cu"": ""lower""}",,True,True,False,False,,
MEZNI2026,MEZNI2026-one-ultrafine-source,MEZNI2026-single-step,<0.25 mm ultrafine IBA,solid-ash leaching response as reported,"NF EN 12457-2, L/S=10; <4 mm; do not pool across protocols",10 L/kg,,,v98_published_tables_plus_Abis_Table3_EC_v106,LEG-008,France,not_applicable_or_not_reported,first carbonation-washing step,15,source_lineage; repeated subsamples/arms remain nested,True,lower,lower,higher,False,True,"{""As"": ""lower"", ""Cd"": ""lower"", ""Co"": ""lower"", ""Cr"": ""higher"", ""Cu"": ""lower"", ""Ni"": ""lower"", ""Pb"": ""lower"", ""Sb"": ""higher""}",8,0,True,True,False,"observed matched condition only; not prevalence, compliance, field risk, or EU-wide inference",Cr;Cu,"{""Cr"": ""higher"", ""Cu"": ""lower""}",Cr,True,True,True,False,,
SCHNABEL2021,SCHNABEL2021-central-Germany-RDF-grate-fines,SCHNABEL2021-exp15-batch_DIN19529_LS2,bottom ash fine fraction <20 mm,ash eluate,DIN 19529 batch leaching,L/S=2 L/kg,,,v98_published_tables_plus_Abis_Table3_EC_v106,LEG-009,Germany,not_applicable_or_not_reported,"full-scale accelerated carbonation, experiment 15",11,source_lineage; repeated subsamples/arms remain nested,True,lower,lower,lower,True,True,"{""Cr"": ""lower"", ""Cu"": ""lower"", ""Pb"": ""lower"", ""Sb"": ""higher"", ""V"": ""incomplete_or_censored"", ""Zn"": ""lower""}",5,5,True,True,True,"observed matched condition only; not prevalence, compliance, field risk, or EU-wide inference",Cr;Cu,"{""Cr"": ""lower"", ""Cu"": ""lower""}",,True,True,False,False,,
SCHNABEL2021,SCHNABEL2021-central-Germany-RDF-grate-fines,SCHNABEL2021-exp15-batch_LS10,bottom ash fine fraction <20 mm,ash eluate,DIN EN 12457-4 batch leaching,L/S=10 L/kg,,,v98_published_tables_plus_Abis_Table3_EC_v106,LEG-010,Germany,not_applicable_or_not_reported,"full-scale accelerated carbonation, experiment 15",11,source_lineage; repeated subsamples/arms remain nested,True,lower,higher,higher,False,True,"{""Cr"": ""higher"", ""Cu"": ""lower"", ""Pb"": ""lower"", ""Sb"": ""incomplete_or_censored"", ""V"": ""incomplete_or_censored"", ""Zn"": ""lower""}",4,4,True,True,False,"observed matched condition only; not prevalence, compliance, field risk, or EU-wide inference",Cr;Cu,"{""Cr"": ""higher"", ""Cu"": ""lower""}",Cr,True,True,True,False,,
SCHNABEL2021,SCHNABEL2021-central-Germany-RDF-grate-fines,SCHNABEL2021-exp15-column_DIN19528,bottom ash fine fraction <20 mm,ash eluate,DIN 19528 extended upstream column leaching,not reported for this table value,,,v98_published_tables_plus_Abis_Table3_EC_v106,LEG-011,Germany,not_applicable_or_not_reported,"full-scale accelerated carbonation, experiment 15",11,source_lineage; repeated subsamples/arms remain nested,True,lower,lower,lower,True,True,"{""Cr"": ""higher"", ""Cu"": ""same_at_reported_precision"", ""Pb"": ""lower"", ""Sb"": ""incomplete_or_censored"", ""V"": ""incomplete_or_censored"", ""Zn"": ""incomplete_or_censored""}",3,3,True,True,True,"observed matched condition only; not prevalence, compliance, field risk, or EU-wide inference",Cr;Cu,"{""Cr"": ""higher"", ""Cu"": ""same_at_reported_precision""}",Cr,True,True,True,True,,
SIMON_SCHOLZ2023,SIMON_SCHOLZ2023-Germany-PlantA-composite,indoor_storage_day84,bulk IBA; size fraction not reported for Table S3,ash eluate; batch leached amount,DIN 19529 batch test,2 L/kg,,,v98_published_tables_plus_Abis_Table3_EC_v106,LEG-012,Germany,not_applicable_or_not_reported,Indoor storage/aging to day 84,26,source_lineage; repeated subsamples/arms remain nested,False,not_reported_or_incomplete,higher,higher,False,False,"{""As"": ""incomplete_or_censored"", ""Cd"": ""incomplete_or_censored"", ""Cr"": ""higher"", ""Cu"": ""lower"", ""Hg"": ""higher"", ""Ni"": ""incomplete_or_censored"", ""Pb"": ""incomplete_or_censored"", ""Sb"": ""higher"", ""V"": ""incomplete_or_censored"", ""Zn"": ""lower""}",5,11,True,False,False,"observed matched condition only; not prevalence, compliance, field risk, or EU-wide inference",Cr;Cu,"{""Cr"": ""higher"", ""Cu"": ""lower""}",Cr,True,True,False,False,,
SIMON_SCHOLZ2023,SIMON_SCHOLZ2023-Germany-PlantA-composite,indoor_storage_day84,bulk IBA; size fraction not reported for Table S3,ash eluate; batch leached amount,DIN EN 12457 batch test,10 L/kg,,,v98_published_tables_plus_Abis_Table3_EC_v106,LEG-013,Germany,not_applicable_or_not_reported,Indoor storage/aging to day 84,26,source_lineage; repeated subsamples/arms remain nested,False,not_reported_or_incomplete,higher,higher,False,False,"{""As"": ""incomplete_or_censored"", ""Cd"": ""incomplete_or_censored"", ""Cr"": ""higher"", ""Cu"": ""lower"", ""Hg"": ""incomplete_or_censored"", ""Ni"": ""incomplete_or_censored"", ""Pb"": ""incomplete_or_censored"", ""Sb"": ""higher"", ""V"": ""incomplete_or_censored"", ""Zn"": ""lower""}",4,11,True,False,False,"observed matched condition only; not prevalence, compliance, field risk, or EU-wide inference",Cr;Cu,"{""Cr"": ""higher"", ""Cu"": ""lower""}",Cr,True,True,False,False,,
SIMON_SCHOLZ2023,SIMON_SCHOLZ2023-Germany-PlantA-composite,indoor_storage_day84,bulk IBA; size fraction not reported for Table S3,ash eluate; cumulative column release,DIN 19528 column test,10 L/kg,,,v98_published_tables_plus_Abis_Table3_EC_v106,LEG-014,Germany,not_applicable_or_not_reported,Indoor storage/aging to day 84,26,source_lineage; repeated subsamples/arms remain nested,False,not_reported_or_incomplete,higher,higher,False,False,"{""As"": ""higher"", ""Cd"": ""higher"", ""Cr"": ""higher"", ""Cu"": ""mixed_within_stratum"", ""Hg"": ""incomplete_or_censored"", ""Ni"": ""higher"", ""Pb"": ""lower"", ""Sb"": ""higher"", ""V"": ""higher"", ""Zn"": ""lower""}",8,19,True,False,False,"observed matched condition only; not prevalence, compliance, field risk, or EU-wide inference",Cr;Cu,"{""Cr"": ""higher"", ""Cu"": ""mixed_within_stratum""}",Cr,True,False,False,False,,
SIMON_SCHOLZ2023,SIMON_SCHOLZ2023-Germany-PlantA-composite,indoor_storage_day84,bulk IBA; size fraction not reported for Table S3,ash eluate; cumulative column release,DIN 19528 column test,2 L/kg,,,v98_published_tables_plus_Abis_Table3_EC_v106,LEG-015,Germany,not_applicable_or_not_reported,Indoor storage/aging to day 84,26,source_lineage; repeated subsamples/arms remain nested,False,not_reported_or_incomplete,higher,higher,False,False,"{""As"": ""higher"", ""Cd"": ""higher"", ""Cr"": ""higher"", ""Cu"": ""higher"", ""Hg"": ""higher"", ""Ni"": ""lower"", ""Pb"": ""lower"", ""Sb"": ""higher"", ""V"": ""higher"", ""Zn"": ""lower""}",10,20,True,False,False,"observed matched condition only; not prevalence, compliance, field risk, or EU-wide inference",Cr;Cu,"{""Cr"": ""higher"", ""Cu"": ""higher""}",Cr;Cu,True,True,False,False,,
VATEVA_LANER2020,VATEVA2020-Kassel-split-composite,VATEVA2020-indoor-storage-4months,0.063-1 mm,mineral fraction <4 mm eluate,L/S=10 L/kg batch eluate; 0.45 um filtration; exact standard edition not explicit in article Methods,10 L/kg,,,v98_published_tables_plus_Abis_Table3_EC_v106,LEG-016,Germany,not_applicable_or_not_reported,indoor storage ageing for 4 months,12,source_lineage; repeated subsamples/arms remain nested,True,lower,lower,lower,True,True,"{""As"": ""incomplete_or_censored"", ""Cd"": ""same_at_reported_precision"", ""Cr"": ""higher"", ""Cu"": ""higher"", ""Hg"": ""incomplete_or_censored"", ""Ni"": ""incomplete_or_censored"", ""Pb"": ""incomplete_or_censored"", ""Zn"": ""lower""}",4,4,True,True,True,"observed matched condition only; not prevalence, compliance, field risk, or EU-wide inference",Cr;Cu,"{""Cr"": ""higher"", ""Cu"": ""higher""}",Cr;Cu,True,True,True,True,,
VATEVA_LANER2020,VATEVA2020-Kassel-split-composite,VATEVA2020-indoor-storage-4months,1-2 mm,mineral fraction <4 mm eluate,L/S=10 L/kg batch eluate; 0.45 um filtration; exact standard edition not explicit in article Methods,10 L/kg,,,v98_published_tables_plus_Abis_Table3_EC_v106,LEG-017,Germany,not_applicable_or_not_reported,indoor storage ageing for 4 months,12,source_lineage; repeated subsamples/arms remain nested,True,lower,higher,lower,False,True,"{""As"": ""higher"", ""Cd"": ""same_at_reported_precision"", ""Cr"": ""higher"", ""Cu"": ""higher"", ""Hg"": ""incomplete_or_censored"", ""Ni"": ""incomplete_or_censored"", ""Pb"": ""lower"", ""Zn"": ""lower""}",6,6,True,True,False,"observed matched condition only; not prevalence, compliance, field risk, or EU-wide inference",Cr;Cu,"{""Cr"": ""higher"", ""Cu"": ""higher""}",Cr;Cu,True,True,True,False,,
VATEVA_LANER2020,VATEVA2020-Kassel-split-composite,VATEVA2020-indoor-storage-4months,16-31.5 mm,mineral fraction >4 mm eluate,L/S=10 L/kg batch eluate; 0.45 um filtration; exact standard edition not explicit in article Methods,10 L/kg,,,v98_published_tables_plus_Abis_Table3_EC_v106,LEG-018,Germany,not_applicable_or_not_reported,indoor storage ageing for 4 months,12,source_lineage; repeated subsamples/arms remain nested,True,lower,lower,lower,True,True,"{""As"": ""incomplete_or_censored"", ""Cd"": ""lower"", ""Cr"": ""higher"", ""Cu"": ""higher"", ""Hg"": ""incomplete_or_censored"", ""Ni"": ""incomplete_or_censored"", ""Pb"": ""lower"", ""Zn"": ""higher""}",5,5,True,True,True,"observed matched condition only; not prevalence, compliance, field risk, or EU-wide inference",Cr;Cu,"{""Cr"": ""higher"", ""Cu"": ""higher""}",Cr;Cu,True,True,True,True,,
VATEVA_LANER2020,VATEVA2020-Kassel-split-composite,VATEVA2020-indoor-storage-4months,2-4 mm,mineral fraction <4 mm eluate,L/S=10 L/kg batch eluate; 0.45 um filtration; exact standard edition not explicit in article Methods,10 L/kg,,,v98_published_tables_plus_Abis_Table3_EC_v106,LEG-019,Germany,not_applicable_or_not_reported,indoor storage ageing for 4 months,12,source_lineage; repeated subsamples/arms remain nested,True,lower,lower,lower,True,True,"{""As"": ""higher"", ""Cd"": ""lower"", ""Cr"": ""higher"", ""Cu"": ""higher"", ""Hg"": ""incomplete_or_censored"", ""Ni"": ""incomplete_or_censored"", ""Pb"": ""incomplete_or_censored"", ""Zn"": ""lower""}",5,5,True,True,True,"observed matched condition only; not prevalence, compliance, field risk, or EU-wide inference",Cr;Cu,"{""Cr"": ""higher"", ""Cu"": ""higher""}",Cr;Cu,True,True,True,True,,
VATEVA_LANER2020,VATEVA2020-Kassel-split-composite,VATEVA2020-indoor-storage-4months,4-8 mm,mineral fraction >4 mm eluate,L/S=10 L/kg batch eluate; 0.45 um filtration; exact standard edition not explicit in article Methods,10 L/kg,,,v98_published_tables_plus_Abis_Table3_EC_v106,LEG-020,Germany,not_applicable_or_not_reported,indoor storage ageing for 4 months,12,source_lineage; repeated subsamples/arms remain nested,True,higher,higher,lower,False,True,"{""As"": ""higher"", ""Cd"": ""lower"", ""Cr"": ""higher"", ""Cu"": ""higher"", ""Hg"": ""incomplete_or_censored"", ""Ni"": ""incomplete_or_censored"", ""Pb"": ""incomplete_or_censored"", ""Zn"": ""lower""}",5,5,True,False,False,"observed matched condition only; not prevalence, compliance, field risk, or EU-wide inference",Cr;Cu,"{""Cr"": ""higher"", ""Cu"": ""higher""}",Cr;Cu,True,True,False,False,,
VATEVA_LANER2020,VATEVA2020-Kassel-split-composite,VATEVA2020-indoor-storage-4months,8-16 mm,mineral fraction >4 mm eluate,L/S=10 L/kg batch eluate; 0.45 um filtration; exact standard edition not explicit in article Methods,10 L/kg,,,v98_published_tables_plus_Abis_Table3_EC_v106,LEG-021,Germany,not_applicable_or_not_reported,indoor storage ageing for 4 months,12,source_lineage; repeated subsamples/arms remain nested,True,higher,higher,higher,False,False,"{""As"": ""incomplete_or_censored"", ""Cd"": ""incomplete_or_censored"", ""Cr"": ""higher"", ""Cu"": ""higher"", ""Hg"": ""incomplete_or_censored"", ""Ni"": ""incomplete_or_censored"", ""Pb"": ""incomplete_or_censored"", ""Zn"": ""higher""}",3,3,True,False,False,"observed matched condition only; not prevalence, compliance, field risk, or EU-wide inference",Cr;Cu,"{""Cr"": ""higher"", ""Cu"": ""higher""}",Cr;Cu,True,True,False,False,,
VATEVA_LANER2020,VATEVA2020-Kassel-split-composite,VATEVA2020-indoor-storage-4months,<0.063 mm,mineral fraction <4 mm eluate,L/S=10 L/kg batch eluate; 0.45 um filtration; exact standard edition not explicit in article Methods,10 L/kg,,,v98_published_tables_plus_Abis_Table3_EC_v106,LEG-022,Germany,not_applicable_or_not_reported,indoor storage ageing for 4 months,12,source_lineage; repeated subsamples/arms remain nested,True,lower,higher,higher,False,True,"{""As"": ""higher"", ""Cd"": ""same_at_reported_precision"", ""Cr"": ""higher"", ""Cu"": ""higher"", ""Hg"": ""incomplete_or_censored"", ""Ni"": ""higher"", ""Pb"": ""incomplete_or_censored"", ""Zn"": ""lower""}",6,6,True,True,False,"observed matched condition only; not prevalence, compliance, field risk, or EU-wide inference",Cr;Cu,"{""Cr"": ""higher"", ""Cu"": ""higher""}",Cr;Cu,True,True,True,False,,
VATEVA_LANER2020,VATEVA2020-Kassel-split-composite,VATEVA2020-indoor-storage-4months,>31.5 mm,mineral fraction >4 mm eluate,L/S=10 L/kg batch eluate; 0.45 um filtration; exact standard edition not explicit in article Methods,10 L/kg,,,v98_published_tables_plus_Abis_Table3_EC_v106,LEG-023,Germany,not_applicable_or_not_reported,indoor storage ageing for 4 months,12,source_lineage; repeated subsamples/arms remain nested,True,lower,lower,higher,False,True,"{""As"": ""incomplete_or_censored"", ""Cd"": ""lower"", ""Cr"": ""lower"", ""Cu"": ""higher"", ""Hg"": ""incomplete_or_censored"", ""Ni"": ""incomplete_or_censored"", ""Pb"": ""incomplete_or_censored"", ""Zn"": ""higher""}",4,4,True,True,False,"observed matched condition only; not prevalence, compliance, field risk, or EU-wide inference",Cr;Cu,"{""Cr"": ""lower"", ""Cu"": ""higher""}",Cu,True,True,True,False,,
VATEVA_LANER2020,VATEVA2020-Kassel-split-composite,VATEVA2020-indoor-storage-4months,separately sorted glass material,glass fraction; not pooled with aggregate mineral fractions eluate,L/S=10 L/kg batch eluate; 0.45 um filtration; exact standard edition not explicit in article Methods,10 L/kg,,,v98_published_tables_plus_Abis_Table3_EC_v106,LEG-024,Germany,not_applicable_or_not_reported,indoor storage ageing for 4 months,12,source_lineage; repeated subsamples/arms remain nested,True,higher,higher,higher,False,False,"{""As"": ""lower"", ""Cd"": ""incomplete_or_censored"", ""Cr"": ""lower"", ""Cu"": ""higher"", ""Hg"": ""incomplete_or_censored"", ""Ni"": ""incomplete_or_censored"", ""Pb"": ""incomplete_or_censored"", ""Zn"": ""higher""}",4,4,True,False,False,"observed matched condition only; not prevalence, compliance, field risk, or EU-wide inference",Cr;Cu,"{""Cr"": ""lower"", ""Cu"": ""higher""}",Cu,True,True,False,False,,
AUDOYE2026,Trifyl_France_single_facility,crushing_plus_aqueous_carbonation,0.25-0.5,solid EN 12457-2 leachate; process wastewater excluded,"EN 12457-2, L/S=10 (as described in article)",10 L/kg,,,official_publisher_SI_transcription_v103,AUD-001,France,A,crushed_fraction_carbonated,29,four monthly composites nested within one facility; arm/fraction not independent site,True,lower,lower,lower,True,True,"{""As"": ""lower"", ""Cd"": ""lower"", ""Co"": ""lower"", ""Cr"": ""lower"", ""Cu"": ""lower"", ""Ni"": ""lower"", ""Pb"": ""lower"", ""Sb"": ""lower"", ""V"": ""higher"", ""Zn"": ""lower""}",10,10,True,True,True,"observed matched condition only; not prevalence, compliance, field risk, or EU-wide inference",Cr;Cu,"{""Cr"": ""lower"", ""Cu"": ""lower""}",,True,True,False,False,,
AUDOYE2026,Trifyl_France_single_facility,aqueous_carbonation,0.25-0.5,solid EN 12457-2 leachate; process wastewater excluded,"EN 12457-2, L/S=10 (as described in article)",10 L/kg,,,official_publisher_SI_transcription_v103,AUD-002,France,A,uncrushed_raw_fraction_carbonated,29,four monthly composites nested within one facility; arm/fraction not independent site,True,lower,lower,lower,True,True,"{""As"": ""lower"", ""Cd"": ""lower"", ""Co"": ""lower"", ""Cr"": ""lower"", ""Cu"": ""lower"", ""Ni"": ""lower"", ""Pb"": ""lower"", ""Sb"": ""lower"", ""V"": ""higher"", ""Zn"": ""lower""}",10,10,True,True,True,"observed matched condition only; not prevalence, compliance, field risk, or EU-wide inference",Cr;Cu,"{""Cr"": ""lower"", ""Cu"": ""lower""}",,True,True,False,False,,
AUDOYE2026,Trifyl_France_single_facility,crushing_plus_aqueous_carbonation,0.5-1,solid EN 12457-2 leachate; process wastewater excluded,"EN 12457-2, L/S=10 (as described in article)",10 L/kg,,,official_publisher_SI_transcription_v103,AUD-003,France,A,crushed_fraction_carbonated,29,four monthly composites nested within one facility; arm/fraction not independent site,True,lower,lower,lower,True,True,"{""As"": ""lower"", ""Cd"": ""lower"", ""Co"": ""higher"", ""Cr"": ""lower"", ""Cu"": ""higher"", ""Ni"": ""lower"", ""Pb"": ""higher"", ""Sb"": ""lower"", ""V"": ""higher"", ""Zn"": ""lower""}",10,10,True,True,True,"observed matched condition only; not prevalence, compliance, field risk, or EU-wide inference",Cr;Cu,"{""Cr"": ""lower"", ""Cu"": ""higher""}",Cu,True,True,True,True,,
AUDOYE2026,Trifyl_France_single_facility,aqueous_carbonation,0.5-1,solid EN 12457-2 leachate; process wastewater excluded,"EN 12457-2, L/S=10 (as described in article)",10 L/kg,,,official_publisher_SI_transcription_v103,AUD-004,France,A,uncrushed_raw_fraction_carbonated,29,four monthly composites nested within one facility; arm/fraction not independent site,True,lower,lower,lower,True,True,"{""As"": ""lower"", ""Cd"": ""lower"", ""Co"": ""lower"", ""Cr"": ""lower"", ""Cu"": ""lower"", ""Ni"": ""lower"", ""Pb"": ""lower"", ""Sb"": ""lower"", ""V"": ""lower"", ""Zn"": ""lower""}",10,10,False,False,False,"observed matched condition only; not prevalence, compliance, field risk, or EU-wide inference",Cr;Cu,"{""Cr"": ""lower"", ""Cu"": ""lower""}",,True,True,False,False,,
AUDOYE2026,Trifyl_France_single_facility,crushing_plus_aqueous_carbonation,1-2,solid EN 12457-2 leachate; process wastewater excluded,"EN 12457-2, L/S=10 (as described in article)",10 L/kg,,,official_publisher_SI_transcription_v103,AUD-005,France,A,crushed_fraction_carbonated,29,four monthly composites nested within one facility; arm/fraction not independent site,True,lower,lower,lower,True,True,"{""As"": ""higher"", ""Cd"": ""lower"", ""Co"": ""higher"", ""Cr"": ""lower"", ""Cu"": ""lower"", ""Ni"": ""lower"", ""Pb"": ""lower"", ""Sb"": ""higher"", ""V"": ""higher"", ""Zn"": ""lower""}",10,10,True,True,True,"observed matched condition only; not prevalence, compliance, field risk, or EU-wide inference",Cr;Cu,"{""Cr"": ""lower"", ""Cu"": ""lower""}",,True,True,False,False,,
AUDOYE2026,Trifyl_France_single_facility,aqueous_carbonation,1-2,solid EN 12457-2 leachate; process wastewater excluded,"EN 12457-2, L/S=10 (as described in article)",10 L/kg,,,official_publisher_SI_transcription_v103,AUD-006,France,A,uncrushed_raw_fraction_carbonated,29,four monthly composites nested within one facility; arm/fraction not independent site,True,lower,lower,lower,True,True,"{""As"": ""higher"", ""Cd"": ""lower"", ""Co"": ""higher"", ""Cr"": ""lower"", ""Cu"": ""higher"", ""Ni"": ""higher"", ""Pb"": ""higher"", ""Sb"": ""lower"", ""V"": ""higher"", ""Zn"": ""lower""}",10,10,True,True,True,"observed matched condition only; not prevalence, compliance, field risk, or EU-wide inference",Cr;Cu,"{""Cr"": ""lower"", ""Cu"": ""higher""}",Cu,True,True,True,True,,
AUDOYE2026,Trifyl_France_single_facility,crushing_plus_aqueous_carbonation,<0.25,solid EN 12457-2 leachate; process wastewater excluded,"EN 12457-2, L/S=10 (as described in article)",10 L/kg,,,official_publisher_SI_transcription_v103,AUD-007,France,A,crushed_fraction_carbonated,29,four monthly composites nested within one facility; arm/fraction not independent site,True,lower,lower,lower,True,True,"{""As"": ""lower"", ""Cd"": ""lower"", ""Co"": ""lower"", ""Cr"": ""lower"", ""Cu"": ""lower"", ""Ni"": ""lower"", ""Pb"": ""lower"", ""Sb"": ""lower"", ""V"": ""higher"", ""Zn"": ""lower""}",10,10,True,True,True,"observed matched condition only; not prevalence, compliance, field risk, or EU-wide inference",Cr;Cu,"{""Cr"": ""lower"", ""Cu"": ""lower""}",,True,True,False,False,,
AUDOYE2026,Trifyl_France_single_facility,aqueous_carbonation,<0.25,solid EN 12457-2 leachate; process wastewater excluded,"EN 12457-2, L/S=10 (as described in article)",10 L/kg,,,official_publisher_SI_transcription_v103,AUD-008,France,A,uncrushed_raw_fraction_carbonated,29,four monthly composites nested within one facility; arm/fraction not independent site,True,lower,lower,lower,True,True,"{""As"": ""higher"", ""Cd"": ""lower"", ""Co"": ""lower"", ""Cr"": ""lower"", ""Cu"": ""lower"", ""Ni"": ""lower"", ""Pb"": ""lower"", ""Sb"": ""lower"", ""V"": ""higher"", ""Zn"": ""lower""}",10,10,True,True,True,"observed matched condition only; not prevalence, compliance, field risk, or EU-wide inference",Cr;Cu,"{""Cr"": ""lower"", ""Cu"": ""lower""}",,True,True,False,False,,
AUDOYE2026,Trifyl_France_single_facility,crushing_plus_aqueous_carbonation,0.25-0.5,solid EN 12457-2 leachate; process wastewater excluded,"EN 12457-2, L/S=10 (as described in article)",10 L/kg,,,official_publisher_SI_transcription_v103,AUD-009,France,B,crushed_fraction_carbonated,29,four monthly composites nested within one facility; arm/fraction not independent site,True,lower,higher,lower,False,True,"{""As"": ""lower"", ""Cd"": ""lower"", ""Co"": ""lower"", ""Cr"": ""lower"", ""Cu"": ""lower"", ""Ni"": ""lower"", ""Pb"": ""lower"", ""Sb"": ""higher"", ""V"": ""lower"", ""Zn"": ""lower""}",10,10,True,True,False,"observed matched condition only; not prevalence, compliance, field risk, or EU-wide inference",Cr;Cu,"{""Cr"": ""lower"", ""Cu"": ""lower""}",,True,True,False,False,,
AUDOYE2026,Trifyl_France_single_facility,aqueous_carbonation,0.25-0.5,solid EN 12457-2 leachate; process wastewater excluded,"EN 12457-2, L/S=10 (as described in article)",10 L/kg,,,official_publisher_SI_transcription_v103,AUD-010,France,B,uncrushed_raw_fraction_carbonated,29,four monthly composites nested within one facility; arm/fraction not independent site,True,lower,higher,higher,False,True,"{""As"": ""lower"", ""Cd"": ""lower"", ""Co"": ""lower"", ""Cr"": ""lower"", ""Cu"": ""lower"", ""Ni"": ""lower"", ""Pb"": ""higher"", ""Sb"": ""higher"", ""V"": ""lower"", ""Zn"": ""lower""}",10,10,True,True,False,"observed matched condition only; not prevalence, compliance, field risk, or EU-wide inference",Cr;Cu,"{""Cr"": ""lower"", ""Cu"": ""lower""}",,True,True,False,False,,
AUDOYE2026,Trifyl_France_single_facility,crushing_plus_aqueous_carbonation,0.5-1,solid EN 12457-2 leachate; process wastewater excluded,"EN 12457-2, L/S=10 (as described in article)",10 L/kg,,,official_publisher_SI_transcription_v103,AUD-011,France,B,crushed_fraction_carbonated,29,four monthly composites nested within one facility; arm/fraction not independent site,True,lower,lower,lower,True,True,"{""As"": ""lower"", ""Cd"": ""lower"", ""Co"": ""lower"", ""Cr"": ""lower"", ""Cu"": ""lower"", ""Ni"": ""lower"", ""Pb"": ""lower"", ""Sb"": ""higher"", ""V"": ""lower"", ""Zn"": ""lower""}",10,10,True,True,True,"observed matched condition only; not prevalence, compliance, field risk, or EU-wide inference",Cr;Cu,"{""Cr"": ""lower"", ""Cu"": ""lower""}",,True,True,False,False,,
AUDOYE2026,Trifyl_France_single_facility,aqueous_carbonation,0.5-1,solid EN 12457-2 leachate; process wastewater excluded,"EN 12457-2, L/S=10 (as described in article)",10 L/kg,,,official_publisher_SI_transcription_v103,AUD-012,France,B,uncrushed_raw_fraction_carbonated,29,four monthly composites nested within one facility; arm/fraction not independent site,True,lower,higher,higher,False,True,"{""As"": ""lower"", ""Cd"": ""lower"", ""Co"": ""lower"", ""Cr"": ""lower"", ""Cu"": ""lower"", ""Ni"": ""lower"", ""Pb"": ""lower"", ""Sb"": ""higher"", ""V"": ""lower"", ""Zn"": ""lower""}",10,10,True,True,False,"observed matched condition only; not prevalence, compliance, field risk, or EU-wide inference",Cr;Cu,"{""Cr"": ""lower"", ""Cu"": ""lower""}",,True,True,False,False,,
AUDOYE2026,Trifyl_France_single_facility,crushing_plus_aqueous_carbonation,1-2,solid EN 12457-2 leachate; process wastewater excluded,"EN 12457-2, L/S=10 (as described in article)",10 L/kg,,,official_publisher_SI_transcription_v103,AUD-013,France,B,crushed_fraction_carbonated,29,four monthly composites nested within one facility; arm/fraction not independent site,True,lower,lower,lower,True,True,"{""As"": ""lower"", ""Cd"": ""lower"", ""Co"": ""lower"", ""Cr"": ""lower"", ""Cu"": ""lower"", ""Ni"": ""lower"", ""Pb"": ""lower"", ""Sb"": ""higher"", ""V"": ""higher"", ""Zn"": ""lower""}",10,10,True,True,True,"observed matched condition only; not prevalence, compliance, field risk, or EU-wide inference",Cr;Cu,"{""Cr"": ""lower"", ""Cu"": ""lower""}",,True,True,False,False,,
AUDOYE2026,Trifyl_France_single_facility,aqueous_carbonation,1-2,solid EN 12457-2 leachate; process wastewater excluded,"EN 12457-2, L/S=10 (as described in article)",10 L/kg,,,official_publisher_SI_transcription_v103,AUD-014,France,B,uncrushed_raw_fraction_carbonated,29,four monthly composites nested within one facility; arm/fraction not independent site,True,lower,lower,lower,True,True,"{""As"": ""higher"", ""Cd"": ""higher"", ""Co"": ""higher"", ""Cr"": ""lower"", ""Cu"": ""lower"", ""Ni"": ""higher"", ""Pb"": ""higher"", ""Sb"": ""higher"", ""V"": ""higher"", ""Zn"": ""lower""}",10,10,True,True,True,"observed matched condition only; not prevalence, compliance, field risk, or EU-wide inference",Cr;Cu,"{""Cr"": ""lower"", ""Cu"": ""lower""}",,True,True,False,False,,
AUDOYE2026,Trifyl_France_single_facility,crushing_plus_aqueous_carbonation,<0.25,solid EN 12457-2 leachate; process wastewater excluded,"EN 12457-2, L/S=10 (as described in article)",10 L/kg,,,official_publisher_SI_transcription_v103,AUD-015,France,B,crushed_fraction_carbonated,29,four monthly composites nested within one facility; arm/fraction not independent site,True,lower,lower,lower,True,True,"{""As"": ""lower"", ""Cd"": ""lower"", ""Co"": ""lower"", ""Cr"": ""lower"", ""Cu"": ""lower"", ""Ni"": ""lower"", ""Pb"": ""higher"", ""Sb"": ""higher"", ""V"": ""higher"", ""Zn"": ""lower""}",10,10,True,True,True,"observed matched condition only; not prevalence, compliance, field risk, or EU-wide inference",Cr;Cu,"{""Cr"": ""lower"", ""Cu"": ""lower""}",,True,True,False,False,,
AUDOYE2026,Trifyl_France_single_facility,aqueous_carbonation,<0.25,solid EN 12457-2 leachate; process wastewater excluded,"EN 12457-2, L/S=10 (as described in article)",10 L/kg,,,official_publisher_SI_transcription_v103,AUD-016,France,B,uncrushed_raw_fraction_carbonated,29,four monthly composites nested within one facility; arm/fraction not independent site,True,lower,lower,lower,True,True,"{""As"": ""lower"", ""Cd"": ""lower"", ""Co"": ""lower"", ""Cr"": ""lower"", ""Cu"": ""lower"", ""Ni"": ""lower"", ""Pb"": ""lower"", ""Sb"": ""higher"", ""V"": ""higher"", ""Zn"": ""lower""}",10,10,True,True,True,"observed matched condition only; not prevalence, compliance, field risk, or EU-wide inference",Cr;Cu,"{""Cr"": ""lower"", ""Cu"": ""lower""}",,True,True,False,False,,
AUDOYE2026,Trifyl_France_single_facility,crushing_plus_aqueous_carbonation,0.25-0.5,solid EN 12457-2 leachate; process wastewater excluded,"EN 12457-2, L/S=10 (as described in article)",10 L/kg,,,official_publisher_SI_transcription_v103,AUD-017,France,C,crushed_fraction_carbonated,29,four monthly composites nested within one facility; arm/fraction not independent site,True,lower,higher,lower,False,True,"{""As"": ""lower"", ""Cd"": ""lower"", ""Co"": ""lower"", ""Cr"": ""lower"", ""Cu"": ""lower"", ""Ni"": ""lower"", ""Pb"": ""lower"", ""Sb"": ""higher"", ""V"": ""lower"", ""Zn"": ""lower""}",10,10,True,True,False,"observed matched condition only; not prevalence, compliance, field risk, or EU-wide inference",Cr;Cu,"{""Cr"": ""lower"", ""Cu"": ""lower""}",,True,True,False,False,,
AUDOYE2026,Trifyl_France_single_facility,aqueous_carbonation,0.25-0.5,solid EN 12457-2 leachate; process wastewater excluded,"EN 12457-2, L/S=10 (as described in article)",10 L/kg,,,official_publisher_SI_transcription_v103,AUD-018,France,C,uncrushed_raw_fraction_carbonated,29,four monthly composites nested within one facility; arm/fraction not independent site,True,lower,higher,higher,False,True,"{""As"": ""lower"", ""Cd"": ""lower"", ""Co"": ""lower"", ""Cr"": ""lower"", ""Cu"": ""lower"", ""Ni"": ""lower"", ""Pb"": ""lower"", ""Sb"": ""lower"", ""V"": ""lower"", ""Zn"": ""lower""}",10,10,False,False,False,"observed matched condition only; not prevalence, compliance, field risk, or EU-wide inference",Cr;Cu,"{""Cr"": ""lower"", ""Cu"": ""lower""}",,True,True,False,False,,
AUDOYE2026,Trifyl_France_single_facility,crushing_plus_aqueous_carbonation,0.5-1,solid EN 12457-2 leachate; process wastewater excluded,"EN 12457-2, L/S=10 (as described in article)",10 L/kg,,,official_publisher_SI_transcription_v103,AUD-019,France,C,crushed_fraction_carbonated,29,four monthly composites nested within one facility; arm/fraction not independent site,True,lower,lower,lower,True,True,"{""As"": ""lower"", ""Cd"": ""lower"", ""Co"": ""lower"", ""Cr"": ""lower"", ""Cu"": ""lower"", ""Ni"": ""lower"", ""Pb"": ""lower"", ""Sb"": ""higher"", ""V"": ""higher"", ""Zn"": ""lower""}",10,10,True,True,True,"observed matched condition only; not prevalence, compliance, field risk, or EU-wide inference",Cr;Cu,"{""Cr"": ""lower"", ""Cu"": ""lower""}",,True,True,False,False,,
AUDOYE2026,Trifyl_France_single_facility,aqueous_carbonation,0.5-1,solid EN 12457-2 leachate; process wastewater excluded,"EN 12457-2, L/S=10 (as described in article)",10 L/kg,,,official_publisher_SI_transcription_v103,AUD-020,France,C,uncrushed_raw_fraction_carbonated,29,four monthly composites nested within one facility; arm/fraction not independent site,True,lower,lower,lower,True,True,"{""As"": ""lower"", ""Cd"": ""same_at_reported_precision"", ""Co"": ""higher"", ""Cr"": ""lower"", ""Cu"": ""higher"", ""Ni"": ""higher"", ""Pb"": ""higher"", ""Sb"": ""lower"", ""V"": ""higher"", ""Zn"": ""higher""}",10,10,True,True,True,"observed matched condition only; not prevalence, compliance, field risk, or EU-wide inference",Cr;Cu,"{""Cr"": ""lower"", ""Cu"": ""higher""}",Cu,True,True,True,True,,
AUDOYE2026,Trifyl_France_single_facility,crushing_plus_aqueous_carbonation,1-2,solid EN 12457-2 leachate; process wastewater excluded,"EN 12457-2, L/S=10 (as described in article)",10 L/kg,,,official_publisher_SI_transcription_v103,AUD-021,France,C,crushed_fraction_carbonated,29,four monthly composites nested within one facility; arm/fraction not independent site,True,lower,lower,lower,True,True,"{""As"": ""lower"", ""Cd"": ""lower"", ""Co"": ""lower"", ""Cr"": ""lower"", ""Cu"": ""lower"", ""Ni"": ""lower"", ""Pb"": ""lower"", ""Sb"": ""higher"", ""V"": ""lower"", ""Zn"": ""lower""}",10,10,True,True,True,"observed matched condition only; not prevalence, compliance, field risk, or EU-wide inference",Cr;Cu,"{""Cr"": ""lower"", ""Cu"": ""lower""}",,True,True,False,False,,
AUDOYE2026,Trifyl_France_single_facility,aqueous_carbonation,1-2,solid EN 12457-2 leachate; process wastewater excluded,"EN 12457-2, L/S=10 (as described in article)",10 L/kg,,,official_publisher_SI_transcription_v103,AUD-022,France,C,uncrushed_raw_fraction_carbonated,29,four monthly composites nested within one facility; arm/fraction not independent site,True,lower,lower,higher,False,True,"{""As"": ""lower"", ""Cd"": ""lower"", ""Co"": ""lower"", ""Cr"": ""lower"", ""Cu"": ""lower"", ""Ni"": ""lower"", ""Pb"": ""lower"", ""Sb"": ""lower"", ""V"": ""lower"", ""Zn"": ""lower""}",10,10,False,False,False,"observed matched condition only; not prevalence, compliance, field risk, or EU-wide inference",Cr;Cu,"{""Cr"": ""lower"", ""Cu"": ""lower""}",,True,True,False,False,,
AUDOYE2026,Trifyl_France_single_facility,crushing_plus_aqueous_carbonation,<0.25,solid EN 12457-2 leachate; process wastewater excluded,"EN 12457-2, L/S=10 (as described in article)",10 L/kg,,,official_publisher_SI_transcription_v103,AUD-023,France,C,crushed_fraction_carbonated,29,four monthly composites nested within one facility; arm/fraction not independent site,False,lower,higher,incomplete_or_censored,False,True,"{""As"": ""lower"", ""Cd"": ""lower"", ""Co"": ""lower"", ""Cr"": ""lower"", ""Cu"": ""lower"", ""Ni"": ""lower"", ""Pb"": ""lower"", ""Sb"": ""higher"", ""V"": ""higher"", ""Zn"": ""lower""}",10,10,True,True,False,"observed matched condition only; not prevalence, compliance, field risk, or EU-wide inference",Cr;Cu,"{""Cr"": ""lower"", ""Cu"": ""lower""}",,True,True,False,False,,
AUDOYE2026,Trifyl_France_single_facility,aqueous_carbonation,<0.25,solid EN 12457-2 leachate; process wastewater excluded,"EN 12457-2, L/S=10 (as described in article)",10 L/kg,,,official_publisher_SI_transcription_v103,AUD-024,France,C,uncrushed_raw_fraction_carbonated,29,four monthly composites nested within one facility; arm/fraction not independent site,False,lower,lower,incomplete_or_censored,False,True,"{""As"": ""lower"", ""Cd"": ""lower"", ""Co"": ""lower"", ""Cr"": ""lower"", ""Cu"": ""lower"", ""Ni"": ""lower"", ""Pb"": ""higher"", ""Sb"": ""higher"", ""V"": ""higher"", ""Zn"": ""lower""}",10,10,True,True,False,"observed matched condition only; not prevalence, compliance, field risk, or EU-wide inference",Cr;Cu,"{""Cr"": ""lower"", ""Cu"": ""lower""}",,True,True,False,False,,
AUDOYE2026,Trifyl_France_single_facility,crushing_plus_aqueous_carbonation,0.25-0.5,solid EN 12457-2 leachate; process wastewater excluded,"EN 12457-2, L/S=10 (as described in article)",10 L/kg,,,official_publisher_SI_transcription_v103,AUD-025,France,D,crushed_fraction_carbonated,29,four monthly composites nested within one facility; arm/fraction not independent site,True,lower,lower,lower,True,True,"{""As"": ""lower"", ""Cd"": ""lower"", ""Co"": ""lower"", ""Cr"": ""lower"", ""Cu"": ""lower"", ""Ni"": ""lower"", ""Pb"": ""lower"", ""Sb"": ""lower"", ""V"": ""lower"", ""Zn"": ""lower""}",10,10,False,False,False,"observed matched condition only; not prevalence, compliance, field risk, or EU-wide inference",Cr;Cu,"{""Cr"": ""lower"", ""Cu"": ""lower""}",,True,True,False,False,,
AUDOYE2026,Trifyl_France_single_facility,aqueous_carbonation,0.25-0.5,solid EN 12457-2 leachate; process wastewater excluded,"EN 12457-2, L/S=10 (as described in article)",10 L/kg,,,official_publisher_SI_transcription_v103,AUD-026,France,D,uncrushed_raw_fraction_carbonated,29,four monthly composites nested within one facility; arm/fraction not independent site,True,lower,lower,lower,True,True,"{""As"": ""lower"", ""Cd"": ""lower"", ""Co"": ""lower"", ""Cr"": ""lower"", ""Cu"": ""lower"", ""Ni"": ""lower"", ""Pb"": ""lower"", ""Sb"": ""higher"", ""V"": ""lower"", ""Zn"": ""lower""}",10,10,True,True,True,"observed matched condition only; not prevalence, compliance, field risk, or EU-wide inference",Cr;Cu,"{""Cr"": ""lower"", ""Cu"": ""lower""}",,True,True,False,False,,
AUDOYE2026,Trifyl_France_single_facility,crushing_plus_aqueous_carbonation,0.5-1,solid EN 12457-2 leachate; process wastewater excluded,"EN 12457-2, L/S=10 (as described in article)",10 L/kg,,,official_publisher_SI_transcription_v103,AUD-027,France,D,crushed_fraction_carbonated,29,four monthly composites nested within one facility; arm/fraction not independent site,True,lower,lower,lower,True,True,"{""As"": ""lower"", ""Cd"": ""lower"", ""Co"": ""higher"", ""Cr"": ""higher"", ""Cu"": ""lower"", ""Ni"": ""lower"", ""Pb"": ""lower"", ""Sb"": ""higher"", ""V"": ""higher"", ""Zn"": ""lower""}",10,10,True,True,True,"observed matched condition only; not prevalence, compliance, field risk, or EU-wide inference",Cr;Cu,"{""Cr"": ""higher"", ""Cu"": ""lower""}",Cr,True,True,True,True,,
AUDOYE2026,Trifyl_France_single_facility,aqueous_carbonation,0.5-1,solid EN 12457-2 leachate; process wastewater excluded,"EN 12457-2, L/S=10 (as described in article)",10 L/kg,,,official_publisher_SI_transcription_v103,AUD-028,France,D,uncrushed_raw_fraction_carbonated,29,four monthly composites nested within one facility; arm/fraction not independent site,True,lower,lower,lower,True,True,"{""As"": ""lower"", ""Cd"": ""higher"", ""Co"": ""lower"", ""Cr"": ""lower"", ""Cu"": ""lower"", ""Ni"": ""lower"", ""Pb"": ""lower"", ""Sb"": ""higher"", ""V"": ""higher"", ""Zn"": ""lower""}",10,10,True,True,True,"observed matched condition only; not prevalence, compliance, field risk, or EU-wide inference",Cr;Cu,"{""Cr"": ""lower"", ""Cu"": ""lower""}",,True,True,False,False,,
AUDOYE2026,Trifyl_France_single_facility,crushing_plus_aqueous_carbonation,1-2,solid EN 12457-2 leachate; process wastewater excluded,"EN 12457-2, L/S=10 (as described in article)",10 L/kg,,,official_publisher_SI_transcription_v103,AUD-029,France,D,crushed_fraction_carbonated,29,four monthly composites nested within one facility; arm/fraction not independent site,True,lower,lower,lower,True,True,"{""As"": ""lower"", ""Cd"": ""lower"", ""Co"": ""lower"", ""Cr"": ""lower"", ""Cu"": ""lower"", ""Ni"": ""lower"", ""Pb"": ""lower"", ""Sb"": ""higher"", ""V"": ""higher"", ""Zn"": ""lower""}",10,10,True,True,True,"observed matched condition only; not prevalence, compliance, field risk, or EU-wide inference",Cr;Cu,"{""Cr"": ""lower"", ""Cu"": ""lower""}",,True,True,False,False,,
AUDOYE2026,Trifyl_France_single_facility,aqueous_carbonation,1-2,solid EN 12457-2 leachate; process wastewater excluded,"EN 12457-2, L/S=10 (as described in article)",10 L/kg,,,official_publisher_SI_transcription_v103,AUD-030,France,D,uncrushed_raw_fraction_carbonated,29,four monthly composites nested within one facility; arm/fraction not independent site,True,lower,lower,higher,False,True,"{""As"": ""lower"", ""Cd"": ""lower"", ""Co"": ""lower"", ""Cr"": ""lower"", ""Cu"": ""lower"", ""Ni"": ""lower"", ""Pb"": ""lower"", ""Sb"": ""higher"", ""V"": ""lower"", ""Zn"": ""lower""}",10,10,True,True,False,"observed matched condition only; not prevalence, compliance, field risk, or EU-wide inference",Cr;Cu,"{""Cr"": ""lower"", ""Cu"": ""lower""}",,True,True,False,False,,
AUDOYE2026,Trifyl_France_single_facility,crushing_plus_aqueous_carbonation,<0.25,solid EN 12457-2 leachate; process wastewater excluded,"EN 12457-2, L/S=10 (as described in article)",10 L/kg,,,official_publisher_SI_transcription_v103,AUD-031,France,D,crushed_fraction_carbonated,29,four monthly composites nested within one facility; arm/fraction not independent site,True,lower,lower,lower,True,True,"{""As"": ""higher"", ""Cd"": ""lower"", ""Co"": ""higher"", ""Cr"": ""lower"", ""Cu"": ""higher"", ""Ni"": ""higher"", ""Pb"": ""higher"", ""Sb"": ""higher"", ""V"": ""higher"", ""Zn"": ""lower""}",10,10,True,True,True,"observed matched condition only; not prevalence, compliance, field risk, or EU-wide inference",Cr;Cu,"{""Cr"": ""lower"", ""Cu"": ""higher""}",Cu,True,True,True,True,,
AUDOYE2026,Trifyl_France_single_facility,aqueous_carbonation,<0.25,solid EN 12457-2 leachate; process wastewater excluded,"EN 12457-2, L/S=10 (as described in article)",10 L/kg,,,official_publisher_SI_transcription_v103,AUD-032,France,D,uncrushed_raw_fraction_carbonated,29,four monthly composites nested within one facility; arm/fraction not independent site,True,lower,lower,lower,True,True,"{""As"": ""higher"", ""Cd"": ""lower"", ""Co"": ""higher"", ""Cr"": ""lower"", ""Cu"": ""higher"", ""Ni"": ""higher"", ""Pb"": ""higher"", ""Sb"": ""higher"", ""V"": ""higher"", ""Zn"": ""lower""}",10,10,True,True,True,"observed matched condition only; not prevalence, compliance, field risk, or EU-wide inference",Cr;Cu,"{""Cr"": ""lower"", ""Cu"": ""higher""}",Cu,True,True,True,True,,
